City_ID,City,Lat,Lng,Max Temp,Humidity,Cloudiness,Wind Speed,Country,Date
0,adamstown,-25.066,-130.1015,19.010000000000048,64,80,4.53,PN,2024-08-28
1,port-aux-francais,-49.35,70.2167,5.53000000000003,97,100,13.67,TF,2024-08-28
2,imbituba,-28.24,-48.6703,10.140000000000043,86,25,1.57,BR,2024-08-28
3,waitangi,-43.9535,-176.5597,11.010000000000048,96,100,4.92,NZ,2024-08-28
4,campbell river,50.0163,-125.2446,13.580000000000041,85,0,3.48,CA,2024-08-28
5,delano,35.7688,-119.247,23.0,56,0,1.54,US,2024-08-28
6,touros,-5.1989,-35.4608,22.720000000000027,88,57,5.74,BR,2024-08-28
7,copala,16.65,-98.9833,25.410000000000025,89,100,1.64,MX,2024-08-28
8,la'ie,21.6477,-157.9253,26.660000000000025,77,18,2.68,US,2024-08-28
9,sitka,57.0531,-135.33,13.939999999999998,82,100,4.12,US,2024-08-28
10,ushuaia,-54.8,-68.3,6.810000000000002,53,75,4.12,AR,2024-08-28
11,tolanaro,-25.0319,46.9987,23.04000000000002,73,20,10.8,MG,2024-08-28
12,pacasmayo,-7.4006,-79.5714,16.58000000000004,91,70,3.66,PE,2024-08-28
13,harper,4.375,-7.7169,24.060000000000002,88,100,5.83,LR,2024-08-28
14,howard springs,-12.497,131.047,33.82000000000005,44,99,3.89,AU,2024-08-28
15,isafjordur,66.0755,-23.124,5.110000000000014,90,83,2.53,IS,2024-08-28
16,chibougamau,49.9168,-74.3659,9.79000000000002,76,100,6.69,CA,2024-08-28
17,bredasdorp,-34.5322,20.0403,6.210000000000036,73,92,7.12,ZA,2024-08-28
18,new norfolk,-42.7826,147.0587,9.950000000000045,95,97,4.12,AU,2024-08-28
19,kasumkent,41.6773,48.146,26.55000000000001,29,0,1.53,RU,2024-08-28
20,tanhacu,-14.0214,-41.2481,20.760000000000048,66,78,2.27,BR,2024-08-28
21,kokopo,-4.352,152.2633,29.160000000000025,69,89,6.47,PG,2024-08-28
22,tramandai,-29.9847,-50.1336,11.879999999999995,93,22,3.15,BR,2024-08-28
23,olonkinbyen,70.9221,-8.7187,3.740000000000009,79,0,1.69,SJ,2024-08-28
24,afaahiti,-17.75,-149.2833,22.439999999999998,81,96,6.36,PF,2024-08-28
25,petropavlovsk-kamchatsky,53.0452,158.6483,23.33000000000004,43,75,3.0,RU,2024-08-28
26,sao gabriel da cachoeira,-0.1303,-67.0892,22.850000000000023,89,85,2.1,BR,2024-08-28
27,ghazni,33.5536,68.4269,23.0,32,0,2.22,AF,2024-08-28
28,jinchang,38.4953,102.1739,26.629999999999995,42,23,3.13,CN,2024-08-28
29,klyuchi,52.2667,79.1667,16.960000000000036,63,100,2.03,RU,2024-08-28
30,invercargill,-46.4,168.35,13.120000000000005,64,100,4.52,NZ,2024-08-28
31,greenfield,42.9614,-88.0126,25.710000000000036,80,0,3.09,US,2024-08-28
32,bethel,41.3712,-73.414,20.850000000000023,89,27,0.45,US,2024-08-28
33,flin flon,54.7682,-101.865,12.950000000000045,65,17,5.72,CA,2024-08-28
34,anadyr,64.75,177.4833,15.28000000000003,62,0,5.0,RU,2024-08-28
35,hammerfest,70.6634,23.6821,11.25,82,75,6.17,NO,2024-08-28
36,grytviken,-54.2811,-36.5092,3.0300000000000296,85,100,3.42,GS,2024-08-28
37,avarua,-21.2078,-159.775,25.03000000000003,94,75,5.66,CK,2024-08-28
38,ola,59.5833,151.2833,13.930000000000007,80,49,2.39,RU,2024-08-28
39,papatowai,-46.5619,169.4708,13.200000000000045,74,100,2.59,NZ,2024-08-28
40,west island,-12.1568,96.8225,28.99000000000001,74,75,7.72,CC,2024-08-28
41,mogocha,53.7333,119.7667,21.99000000000001,34,0,4.36,RU,2024-08-28
42,bilibino,68.0546,166.4372,3.3700000000000045,88,100,2.21,RU,2024-08-28
43,ilulissat,69.2167,-51.1,3.0100000000000477,100,100,0.0,GL,2024-08-28
44,urussu,54.5981,53.4631,19.99000000000001,65,4,2.35,RU,2024-08-28
45,longyearbyen,78.2186,15.6401,4.910000000000025,70,0,6.69,SJ,2024-08-28
46,puerto baquerizo moreno,-0.9,-89.6,19.140000000000043,90,45,3.16,EC,2024-08-28
47,ternate,0.8,127.4,27.140000000000043,80,15,4.03,ID,2024-08-28
48,ancud,-41.8697,-73.8203,4.3799999999999955,87,88,2.4,CL,2024-08-28
49,hovd,48.0056,91.6419,25.33000000000004,16,48,3.22,MN,2024-08-28
50,punta arenas,-53.15,-70.9167,5.060000000000002,75,75,8.23,CL,2024-08-28
51,susuman,62.7833,148.1667,5.060000000000002,73,99,2.16,RU,2024-08-28
52,iqaluit,63.7506,-68.5145,6.850000000000023,75,100,7.72,CA,2024-08-28
53,vila franca do campo,37.7167,-25.4333,21.230000000000018,64,53,1.99,PT,2024-08-28
54,calingasta,-31.3308,-69.4078,7.490000000000009,44,96,2.99,AR,2024-08-28
55,leegebruch,52.7234,13.193,19.470000000000027,76,5,2.74,DE,2024-08-28
56,salalah,17.0151,54.0924,26.05000000000001,94,100,2.06,OM,2024-08-28
57,saipan,15.1355,145.701,32.39000000000004,70,75,6.17,MP,2024-08-28
58,hamza,40.4264,71.4956,27.970000000000027,14,0,7.76,UZ,2024-08-28
59,enewetak,11.3474,162.3373,28.950000000000045,82,100,8.6,MH,2024-08-28
60,ha giang,22.8333,104.9833,34.610000000000014,54,73,1.64,VN,2024-08-28
61,betio village,1.358,172.9211,30.02000000000004,72,96,5.79,KI,2024-08-28
62,princeville,45.7668,-61.2985,16.840000000000032,95,0,3.09,CA,2024-08-28
63,dhanwar,24.4167,85.9833,29.230000000000018,69,72,2.96,IN,2024-08-28
64,palmer,42.1584,-72.3287,20.850000000000023,84,0,3.6,US,2024-08-28
65,dongola,19.1667,30.4833,28.370000000000005,60,93,3.35,SD,2024-08-28
66,minas de marcona,-15.2119,-75.1103,11.230000000000018,82,72,2.87,PE,2024-08-28
67,edinburgh of the seven seas,-37.0676,-12.3116,12.79000000000002,81,100,13.82,SH,2024-08-28
68,georgetown,5.4112,100.3354,30.970000000000027,66,20,3.09,MY,2024-08-28
69,hawaiian paradise park,19.5933,-154.9731,25.730000000000018,89,20,0.0,US,2024-08-28
70,nar'yan-mar,67.6713,53.087,14.510000000000048,63,16,8.4,RU,2024-08-28
71,santa ana,33.7456,-117.8678,21.360000000000014,82,0,2.06,US,2024-08-28
72,robore,-18.3333,-59.75,18.78000000000003,36,1,1.52,BO,2024-08-28
73,roccella ionica,38.322,16.4009,25.310000000000002,63,24,3.14,IT,2024-08-28
74,saudarkrokur,65.7461,-19.6394,5.680000000000007,92,100,1.45,IS,2024-08-28
75,ribeira grande,38.5167,-28.7,20.430000000000007,81,93,1.79,PT,2024-08-28
76,albany,42.6001,-73.9662,22.350000000000023,82,78,1.94,US,2024-08-28
77,saint-pierre,-21.3393,55.4781,22.82000000000005,60,0,9.77,RE,2024-08-28
78,talnakh,69.4865,88.3972,16.129999999999995,79,100,1.4,RU,2024-08-28
79,lazaro cardenas,17.9583,-102.2,27.120000000000005,85,99,0.81,MX,2024-08-28
80,geraldton,-28.7667,114.6,22.230000000000018,68,75,1.54,AU,2024-08-28
81,bang racham,14.892,100.3173,30.53000000000003,68,100,2.25,TH,2024-08-28
82,terrace,54.5163,-128.6035,13.950000000000045,67,20,1.54,CA,2024-08-28
83,avra valley,32.4379,-111.3154,32.55000000000001,36,59,4.57,US,2024-08-28
84,tura,25.5198,90.2201,30.74000000000001,68,38,1.55,IN,2024-08-28
85,sengiley,53.9622,48.7944,22.05000000000001,49,7,2.0,RU,2024-08-28
86,manokwari,-0.8667,134.0833,29.49000000000001,63,9,1.8,ID,2024-08-28
87,caleta de carquin,-11.0925,-77.6267,16.150000000000034,86,25,4.52,PE,2024-08-28
88,ad dilam,23.9915,47.1627,37.35000000000002,16,4,5.2,SA,2024-08-28
89,luwuk,-0.9516,122.7875,26.04000000000002,80,81,4.11,ID,2024-08-28
90,nova vicosa,-17.8919,-39.3719,22.03000000000003,78,100,7.07,BR,2024-08-28
91,puerto natales,-51.7236,-72.4875,3.57000000000005,87,90,5.74,CL,2024-08-28
92,jamestown,42.097,-79.2353,21.680000000000007,97,0,3.6,US,2024-08-28
93,gojra,31.1487,72.6866,28.660000000000025,73,100,3.82,PK,2024-08-28
94,boone,39.0334,-92.3335,25.470000000000027,93,19,2.86,US,2024-08-28
95,ketchikan,55.3422,-131.6461,13.760000000000048,88,100,1.54,US,2024-08-28
96,vernon,50.2581,-119.2691,10.25,88,87,1.54,CA,2024-08-28
97,coquimbo,-29.9533,-71.3436,11.850000000000023,86,100,1.54,CL,2024-08-28
98,moapa valley,36.5805,-114.4703,32.81,11,0,1.19,US,2024-08-28
99,smithers,54.7804,-127.1743,12.180000000000007,62,75,1.54,CA,2024-08-28
100,hamilton,39.1834,-84.5333,26.58000000000004,77,0,2.57,US,2024-08-28
101,qamdo,31.1667,97.2333,20.02000000000004,33,27,1.32,CN,2024-08-28
102,tazovsky,67.4667,78.7,13.04000000000002,79,44,3.64,RU,2024-08-28
103,st. john's,47.5649,-52.7093,18.32000000000005,90,20,10.8,CA,2024-08-28
104,castlemaine,-37.0667,144.2167,11.82000000000005,63,86,9.99,AU,2024-08-28
105,kosciusko,33.0576,-89.5876,25.870000000000005,54,34,2.22,US,2024-08-28
106,blackmans bay,-43.0167,147.3167,9.29000000000002,64,59,1.79,AU,2024-08-28
107,al jawf,29.5,38.75,27.840000000000032,40,6,6.19,SA,2024-08-28
108,mata-utu,-13.2816,-176.1745,26.27000000000004,78,11,3.73,WF,2024-08-28
109,herencia,39.2831,-3.4145,22.07000000000005,39,2,1.42,ES,2024-08-28
110,lorengau,-2.0226,147.2712,28.350000000000023,79,87,6.42,PG,2024-08-28
111,whitehorse,60.7161,-135.0538,11.430000000000007,62,75,7.72,CA,2024-08-28
112,usogorsk,63.4106,48.6872,16.860000000000014,61,83,3.49,RU,2024-08-28
113,arraial do cabo,-22.9661,-42.0278,18.510000000000048,69,3,3.05,BR,2024-08-28
114,gorodishche,48.8045,44.4744,25.49000000000001,29,0,6.0,RU,2024-08-28
115,odesskoye,54.2111,72.9651,18.160000000000025,60,65,3.3,RU,2024-08-28
116,puerto ayora,-0.7393,-90.3518,18.640000000000043,96,60,2.24,EC,2024-08-28
117,atafu village,-8.5421,-172.5159,28.420000000000016,73,16,6.29,TK,2024-08-28
118,makarov,48.6333,142.8,19.650000000000034,82,26,3.23,RU,2024-08-28
119,cabo san lucas,22.8909,-109.9124,26.77000000000004,73,31,2.97,MX,2024-08-28
120,vorgashor,67.5833,63.95,14.890000000000043,79,69,5.53,RU,2024-08-28
121,itoman,26.1247,127.6694,32.43000000000001,81,75,9.26,JP,2024-08-28
122,port mathurin,-19.6833,63.4167,21.33000000000004,68,100,13.28,MU,2024-08-28
123,canico,32.6333,-16.85,22.350000000000023,81,40,3.09,PT,2024-08-28
124,stanley,54.868,-1.6985,14.04000000000002,88,20,2.57,GB,2024-08-28
125,thompson,55.7435,-97.8558,13.090000000000032,62,20,1.03,CA,2024-08-28
126,malango,-2.9627,119.9001,23.700000000000045,89,83,1.54,ID,2024-08-28
127,selfoss,63.9331,-20.9971,8.360000000000014,83,100,3.03,IS,2024-08-28
128,airdrie,55.866,-3.9803,15.150000000000034,92,100,3.03,GB,2024-08-28
129,homer,59.6425,-151.5483,12.090000000000032,84,100,4.63,US,2024-08-28
130,wailua homesteads,22.0669,-159.378,25.439999999999998,80,20,6.17,US,2024-08-28
131,aldama,22.9167,-98.0667,24.890000000000043,91,0,1.36,MX,2024-08-28
132,washington,47.5001,-120.5015,11.870000000000005,59,0,2.72,US,2024-08-28
133,pembroke,45.8168,-77.1162,17.879999999999995,85,97,5.36,CA,2024-08-28
134,port elizabeth,-33.918,25.5701,10.730000000000018,67,0,10.8,ZA,2024-08-28
135,chulakkurgan,43.765,69.1814,24.090000000000032,31,83,6.21,KZ,2024-08-28
136,sassandra,4.95,-6.0833,23.170000000000016,92,100,3.25,CI,2024-08-28
137,phayakkhaphum phisai,15.5163,103.1937,34.120000000000005,58,71,2.86,TH,2024-08-28
138,labrador city,52.9463,-66.9114,10.100000000000023,77,75,6.17,CA,2024-08-28
139,elk city,35.412,-99.4043,26.99000000000001,50,0,3.09,US,2024-08-28
140,moores mill,34.844,-86.5183,24.430000000000007,69,0,0.45,US,2024-08-28
141,haiku-pauwela,20.9219,-156.3051,24.590000000000032,77,40,7.72,US,2024-08-28
142,port-vila,-17.7338,168.3219,24.78000000000003,61,75,7.72,VU,2024-08-28
143,margaret river,-33.95,115.0667,17.07000000000005,65,90,8.15,AU,2024-08-28
144,happy valley-goose bay,53.3168,-60.3315,17.170000000000016,88,100,3.09,CA,2024-08-28
145,santa cruz de tenerife,28.4682,-16.2546,23.120000000000005,88,75,8.75,ES,2024-08-28
146,kavieng,-2.5744,150.7967,28.140000000000043,78,95,4.9,PG,2024-08-28
147,la passe,45.5549,-0.8967,17.25,50,12,3.02,FR,2024-08-28
148,le port,-20.9373,55.2919,23.27000000000004,83,61,4.25,RE,2024-08-28
149,jincheng,35.5022,112.8328,27.80000000000001,33,22,1.72,CN,2024-08-28
150,uturoa,-16.7333,-151.4333,25.27000000000004,76,74,6.26,PF,2024-08-28
151,qaqortoq,60.7167,-46.0333,5.060000000000002,87,100,2.71,GL,2024-08-28
152,yellowknife,62.456,-114.3525,15.79000000000002,97,100,5.14,CA,2024-08-28
153,tiksi,71.6872,128.8694,4.010000000000048,74,95,5.05,RU,2024-08-28
154,port lincoln,-34.7333,135.8667,15.160000000000025,56,6,9.02,AU,2024-08-28
155,saddiqabad,28.3062,70.1307,30.890000000000043,63,99,7.42,PK,2024-08-28
156,neryungri,56.6709,124.6491,10.950000000000045,92,98,3.49,RU,2024-08-28
157,dudinka,69.4058,86.1778,13.82000000000005,85,100,2.23,RU,2024-08-28
158,lebu,-37.6167,-73.65,6.580000000000041,87,23,6.37,CL,2024-08-28
159,richfield,44.8833,-93.283,21.30000000000001,86,100,4.12,US,2024-08-28
160,pangody,65.85,74.4859,17.860000000000014,68,87,4.8,RU,2024-08-28
161,mahina,-17.5065,-149.489,24.870000000000005,69,40,2.06,PF,2024-08-28
162,urangan,-25.3,152.9,20.54000000000002,85,1,5.64,AU,2024-08-28
163,saint-philippe,-21.3585,55.7679,20.32000000000005,70,52,7.53,RE,2024-08-28
164,vecvarkava,56.1833,26.5167,13.580000000000041,75,44,1.84,LV,2024-08-28
165,mitu,1.1983,-70.1733,23.100000000000023,82,90,0.75,CO,2024-08-28
166,rio grande,-32.035,-52.0986,10.860000000000014,88,0,1.26,BR,2024-08-28
167,tam ky,15.5667,108.4833,35.5,39,100,3.48,VN,2024-08-28
168,lupane,-18.9315,27.807,15.450000000000045,33,0,0.99,ZW,2024-08-28
169,aswan,24.0934,32.907,34.610000000000014,26,0,2.57,EG,2024-08-28
170,atasu,48.6814,71.6433,17.220000000000027,50,100,4.9,KZ,2024-08-28
171,hithadhoo,-0.6,73.0833,28.090000000000032,76,24,4.43,MV,2024-08-28
172,freetown,8.484,-13.2299,24.83000000000004,92,100,5.06,SL,2024-08-28
173,alofi,-19.0595,-169.9187,22.939999999999998,78,75,3.09,NU,2024-08-28
174,carnarvon,-24.8667,113.6333,22.590000000000032,59,0,4.14,AU,2024-08-28
175,livingstonia,-10.606,34.1063,18.810000000000002,75,27,1.75,MW,2024-08-28
176,college,64.8569,-147.8028,14.990000000000009,73,75,1.54,US,2024-08-28
177,kyaikto,17.3,97.0167,28.189999999999998,78,100,2.55,MM,2024-08-28
178,san patricio,28.017,-97.5169,27.970000000000027,68,6,3.7,US,2024-08-28
179,kapenguria,1.2511,35.0895,15.850000000000023,77,4,1.19,KE,2024-08-28
180,veseloyarsk,51.2836,81.1056,20.83000000000004,40,20,3.76,RU,2024-08-28
181,sao jose da coroa grande,-8.8978,-35.1478,23.210000000000036,82,38,4.97,BR,2024-08-28
182,laoang,12.5,125.0167,33.30000000000001,55,69,3.95,PH,2024-08-28
183,watampone,-4.5386,120.3279,30.560000000000002,51,49,4.78,ID,2024-08-28
184,port shepstone,-30.7414,30.455,19.27000000000004,71,13,7.96,ZA,2024-08-28
185,formosa do rio preto,-11.0483,-45.1931,22.29000000000002,39,1,2.99,BR,2024-08-28
186,anqing,30.5092,117.0506,24.180000000000007,91,100,0.26,CN,2024-08-28
187,sao joao da barra,-21.6403,-41.0511,16.210000000000036,80,4,4.04,BR,2024-08-28
188,kuching,1.55,110.3333,31.120000000000005,70,40,3.09,MY,2024-08-28
189,sinabang,2.4803,96.3801,29.379999999999995,62,100,2.3,ID,2024-08-28
190,hasaki,35.7333,140.8333,28.470000000000027,73,66,4.61,JP,2024-08-28
191,korla,41.7597,86.1469,33.82000000000005,20,89,4.58,CN,2024-08-28
192,ofunato,39.0717,141.7167,23.75,98,100,1.7,JP,2024-08-28
193,altamira,-3.2033,-52.2064,23.99000000000001,69,19,1.59,BR,2024-08-28
194,iscar,41.3434,-4.5246,17.140000000000043,30,15,1.44,ES,2024-08-28
195,baker city,44.7749,-117.8344,12.840000000000032,38,0,6.17,US,2024-08-28
196,maloye ganyushkino,46.6,49.2667,26.910000000000025,36,0,7.44,KZ,2024-08-28
197,malax,62.9423,21.5731,15.550000000000011,88,20,4.12,FI,2024-08-28
198,lompoc,34.6391,-120.4579,14.400000000000034,95,100,2.57,US,2024-08-28
199,champerico,14.3,-91.9167,26.57000000000005,85,88,2.79,GT,2024-08-28
200,jiashan,30.8492,120.9258,30.700000000000045,64,88,2.49,CN,2024-08-28
201,sandnessjoen,66.0217,12.6316,13.060000000000002,94,75,9.77,NO,2024-08-28
202,bhadasar,28.2833,74.3167,29.700000000000045,61,100,5.12,IN,2024-08-28
203,island harbour,50.724,-1.2758,17.180000000000007,62,96,2.24,GB,2024-08-28
204,pisco,-13.7,-76.2167,16.03000000000003,88,100,1.54,PE,2024-08-28
205,vilyuchinsk,52.9306,158.4028,24.150000000000034,70,100,4.96,RU,2024-08-28
206,kruisfontein,-34.0033,24.7314,7.410000000000025,69,64,12.08,ZA,2024-08-28
207,flying fish cove,-10.4217,105.6791,26.82000000000005,73,75,7.72,CX,2024-08-28
208,mlawa,53.1128,20.3841,16.720000000000027,60,0,3.98,PL,2024-08-28
209,mashhad,36.297,59.6062,26.08000000000004,53,40,5.14,IR,2024-08-28
210,port alfred,-33.5906,26.891,10.660000000000025,81,70,2.24,ZA,2024-08-28
211,caucete,-31.6518,-68.2811,11.230000000000018,40,59,1.52,AR,2024-08-28
212,dadukou,26.5479,101.7054,31.890000000000043,51,20,0.98,CN,2024-08-28
213,arteche,12.2645,125.4048,31.57000000000005,67,83,1.62,PH,2024-08-28
214,aasiaat,68.7098,-52.8699,1.1400000000000432,92,100,3.69,GL,2024-08-28
215,tofol,5.3248,163.0078,27.879999999999995,83,100,4.44,FM,2024-08-28
216,sur,22.5667,59.5289,36.22000000000003,39,58,1.96,OM,2024-08-28
217,karema,-6.8205,30.4389,24.77000000000004,52,20,2.94,TZ,2024-08-28
218,watford city,47.8022,-103.2832,15.810000000000002,67,0,5.66,US,2024-08-28
219,porto novo,6.4965,2.6036,24.900000000000034,94,79,2.18,BJ,2024-08-28
220,keflavik,64.0049,-22.5624,8.240000000000009,87,0,4.63,IS,2024-08-28
221,mirzapur,25.15,82.5833,28.730000000000018,70,100,0.84,IN,2024-08-28
222,phan thiet,10.9333,108.1,32.14000000000004,59,83,6.88,VN,2024-08-28
223,polyarnyy,69.1989,33.4478,11.830000000000041,71,77,12.33,RU,2024-08-28
224,margate,51.3813,1.3862,15.939999999999998,88,40,3.57,GB,2024-08-28
225,tenno,39.9,139.9667,25.850000000000023,67,100,4.91,JP,2024-08-28
226,tateyama,34.9833,139.8667,28.160000000000025,78,40,4.09,JP,2024-08-28
227,n'zeto,-7.2312,12.8666,20.970000000000027,89,85,1.53,AO,2024-08-28
228,siwa oasis,29.2041,25.5195,28.890000000000043,46,0,3.44,EG,2024-08-28
229,kodiak,57.79,-152.4072,11.730000000000018,71,100,5.66,US,2024-08-28
230,kourou,5.1552,-52.6478,23.510000000000048,94,74,1.0,GF,2024-08-28
231,bataipora,-22.2953,-53.2711,14.360000000000014,34,3,2.93,BR,2024-08-28
232,hermanus,-34.4187,19.2345,5.4500000000000455,68,100,9.84,ZA,2024-08-28
233,east ballina,-28.8667,153.5833,27.77000000000004,51,0,5.05,AU,2024-08-28
234,dhankuta,26.9833,87.3333,24.810000000000002,74,45,2.4,NP,2024-08-28
235,vardenis,40.1827,45.7311,17.99000000000001,53,0,5.36,AM,2024-08-28
236,lihue,21.9789,-159.3672,25.77000000000004,75,20,6.17,US,2024-08-28
237,yuzhno-kurilsk,44.0306,145.8556,18.910000000000025,98,100,0.83,RU,2024-08-28
238,key largo,25.0865,-80.4473,28.890000000000043,64,49,6.02,US,2024-08-28
239,greymouth,-42.4667,171.2,11.78000000000003,86,100,2.75,NZ,2024-08-28
240,chauk,20.8833,94.8167,31.129999999999995,64,73,4.93,MM,2024-08-28
241,laguna,38.421,-121.4238,27.75,37,0,3.09,US,2024-08-28
242,jaicos,-7.3592,-41.1378,23.100000000000023,63,76,5.36,BR,2024-08-28
243,remire-montjoly,4.9167,-52.2667,23.02000000000004,100,75,1.54,GF,2024-08-28
244,muynoq,43.7683,59.0214,23.650000000000034,46,0,9.13,UZ,2024-08-28
245,al hazm,16.1641,44.7769,28.900000000000034,41,100,2.52,YE,2024-08-28
246,praya,14.9215,-23.5087,26.30000000000001,83,75,2.06,CV,2024-08-28
247,ashburton,-37.8626,145.0794,16.400000000000034,36,93,9.97,AU,2024-08-28
248,ust-tsilma,65.441,52.1498,17.260000000000048,57,39,3.96,RU,2024-08-28
249,iskateley,67.6803,53.1512,14.550000000000011,63,14,8.37,RU,2024-08-28
250,isangel,-19.55,169.2667,26.060000000000002,53,75,3.6,VU,2024-08-28
251,huimanguillo,17.85,-93.3833,24.450000000000045,94,76,1.7,MX,2024-08-28
252,kushiro,42.975,144.3747,23.53000000000003,83,75,1.54,JP,2024-08-28
253,macapa,0.0389,-51.0664,25.99000000000001,89,0,2.57,BR,2024-08-28
254,san antonio de pale,-1.4014,5.6325,22.760000000000048,81,99,4.9,GQ,2024-08-28
255,kristiansund,63.1115,7.732,15.360000000000014,88,75,1.03,NO,2024-08-28
256,celestun,20.8667,-90.4,27.410000000000025,79,47,4.23,MX,2024-08-28
257,udachny,66.4167,112.4,12.330000000000041,60,94,2.96,RU,2024-08-28
258,joshimath,30.5667,79.5667,21.910000000000025,69,57,2.86,IN,2024-08-28
259,nikolayevsk-on-amure,53.1406,140.73,25.960000000000036,45,0,2.17,RU,2024-08-28
260,bonthe,7.5264,-12.505,24.58000000000004,93,100,4.96,SL,2024-08-28
261,syktyvkar,61.6764,50.8099,14.850000000000023,77,0,2.0,RU,2024-08-28
262,mount gambier,-37.8333,140.7667,11.330000000000041,70,66,8.81,AU,2024-08-28
263,kavaratti,10.5669,72.642,27.350000000000023,84,97,5.4,IN,2024-08-28
264,colonia,50.9333,6.95,16.650000000000034,80,6,1.86,DE,2024-08-28
265,trincomalee,8.5711,81.2335,29.850000000000023,68,100,5.53,LK,2024-08-28
266,mirnyy,62.5353,113.9611,6.590000000000032,94,100,4.25,RU,2024-08-28
267,gobabis,-22.45,18.9667,8.360000000000014,24,0,3.17,NA,2024-08-28
268,gharavuti,37.5672,68.4469,31.850000000000023,15,40,1.49,TJ,2024-08-28
269,cassilandia,-19.1133,-51.7342,18.090000000000032,31,0,2.16,BR,2024-08-28
270,machachi,-0.5,-78.5667,9.310000000000002,87,13,3.39,EC,2024-08-28
271,okhotsk,59.3833,143.3,17.129999999999995,65,50,2.81,RU,2024-08-28
272,paramonga,-10.6667,-77.8333,16.180000000000007,89,53,3.79,PE,2024-08-28
273,al bawiti,28.3492,28.8659,28.560000000000002,45,76,4.27,EG,2024-08-28
274,kayangel,8.0823,134.7173,28.890000000000043,69,93,1.85,PW,2024-08-28
275,holualoa,19.6228,-155.9522,23.640000000000043,85,83,2.42,US,2024-08-28
276,keelung,25.1283,121.7419,35.94,56,99,1.8,TW,2024-08-28
277,ulaangom,49.9811,92.0667,23.350000000000023,25,32,3.01,MN,2024-08-28
278,chonchi,-42.6128,-73.8092,3.400000000000034,94,48,1.25,CL,2024-08-28
279,midvagur,62.0511,-7.1939,11.460000000000036,100,100,6.69,FO,2024-08-28
280,shingu,33.7333,135.9833,28.99000000000001,73,66,2.84,JP,2024-08-28
281,mar del plata,-38.0023,-57.5575,8.400000000000034,90,6,0.89,AR,2024-08-28
282,menongue,-14.6585,17.691,12.010000000000048,29,7,2.27,AO,2024-08-28
283,itaituba,-4.2761,-55.9836,25.200000000000045,47,14,0.33,BR,2024-08-28
284,chahuites,16.2833,-94.1833,25.590000000000032,88,89,1.23,MX,2024-08-28
285,bradford,53.7939,-1.7521,15.580000000000041,86,75,2.06,GB,2024-08-28
286,dumai,1.6833,101.45,32.54000000000002,47,97,1.33,ID,2024-08-28
287,madang,-5.2246,145.7966,28.220000000000027,75,38,4.75,PG,2024-08-28
288,isiro,2.7739,27.616,19.52000000000004,99,97,0.29,CD,2024-08-28
289,nova sintra,14.8667,-24.7167,26.24000000000001,84,64,3.41,CV,2024-08-28
290,nadym,65.5333,72.5167,18.58000000000004,64,78,3.42,RU,2024-08-28
291,pindushi,62.9152,34.58,13.390000000000043,71,34,3.19,RU,2024-08-28
292,wabag,-5.4781,143.7021,21.060000000000002,69,23,2.51,PG,2024-08-28
293,huancabamba,-5.2386,-79.4506,13.330000000000041,89,8,4.14,PE,2024-08-28
294,changyon,38.2508,125.0961,30.27000000000004,58,0,2.73,KP,2024-08-28
295,cabugao,17.7931,120.4578,28.27000000000004,73,82,4.48,PH,2024-08-28
296,quesnoy-sur-deule,50.7167,3.0,15.010000000000048,94,0,1.54,FR,2024-08-28
297,nagqu,31.5,92.0,15.240000000000009,37,1,2.08,CN,2024-08-28
298,maintirano,-18.0667,44.0167,24.25,58,0,4.01,MG,2024-08-28
299,vila do maio,15.1333,-23.2167,26.52000000000004,85,99,3.39,CV,2024-08-28
300,bakaly,55.1789,53.8028,19.850000000000023,66,5,3.5,RU,2024-08-28
301,suva,-18.1416,178.4415,23.710000000000036,64,40,3.09,FJ,2024-08-28
302,poyarkovo,49.6,128.6833,25.200000000000045,52,100,6.11,RU,2024-08-28
303,boguchany,58.3814,97.4531,14.400000000000034,92,100,1.55,RU,2024-08-28
304,amboasary,-25.0333,46.3833,22.5,59,0,2.66,MG,2024-08-28
305,kotka,60.4664,26.9458,14.07000000000005,81,99,5.94,FI,2024-08-28
306,tadine,-21.55,167.8833,22.29000000000002,63,10,6.67,NC,2024-08-28
307,luderitz,-26.6481,15.1594,11.120000000000005,78,1,7.43,NA,2024-08-28
308,bima,-8.4667,118.7167,37.58000000000004,22,44,3.33,ID,2024-08-28
309,las palmas,28.4204,-14.0131,20.439999999999998,78,40,5.66,ES,2024-08-28
310,debre tabor,11.85,38.0167,11.270000000000039,92,100,0.79,ET,2024-08-28
311,berdigestyakh,62.0989,126.6992,11.700000000000045,57,100,0.88,RU,2024-08-28
312,gadzhiyevo,69.2551,33.3362,12.120000000000005,71,69,12.44,RU,2024-08-28
313,bamboo flat,11.7,92.7167,29.05000000000001,79,100,3.6,IN,2024-08-28
314,pereslavl'-zalesskiy,56.7393,38.8563,17.370000000000005,86,99,3.01,RU,2024-08-28
315,kenai,60.5544,-151.2583,11.189999999999998,100,100,0.0,US,2024-08-28
316,santa monica,34.0195,-118.4912,22.600000000000023,88,100,3.6,US,2024-08-28
317,chackbay,29.8835,-90.7973,27.79000000000002,92,98,1.37,US,2024-08-28
318,berehove,48.2056,22.6442,20.930000000000007,63,14,2.38,UA,2024-08-28
319,bella vista,36.4295,-94.2316,24.629999999999995,82,0,1.54,US,2024-08-28
320,yaren,-0.5472,166.916,29.05000000000001,68,100,7.34,NR,2024-08-28
321,northam,51.0333,-4.2167,15.900000000000034,92,100,3.39,GB,2024-08-28
322,kontagora,10.3999,5.4695,21.74000000000001,99,100,2.16,NG,2024-08-28
323,worland,44.0169,-107.9554,18.25,36,0,4.12,US,2024-08-28
324,east london,-33.0153,27.9116,10.520000000000039,76,0,3.09,ZA,2024-08-28
325,usakos,-22.0,15.6,13.879999999999995,34,0,1.33,NA,2024-08-28
326,berezovo,63.9381,65.0419,18.720000000000027,69,99,2.74,RU,2024-08-28
327,mazamari,-11.3258,-74.5308,19.410000000000025,80,23,0.96,PE,2024-08-28
328,newman,37.3138,-121.0208,23.910000000000025,57,0,3.07,US,2024-08-28
329,igarka,67.4667,86.5833,17.82000000000005,64,59,3.11,RU,2024-08-28
330,bereznik,62.8551,42.7072,14.120000000000005,77,77,2.34,RU,2024-08-28
331,san andres,12.5847,-81.7006,29.010000000000048,79,20,3.09,CO,2024-08-28
332,ascencion de guarayos,-15.8963,-63.1881,18.480000000000018,45,2,0.92,BO,2024-08-28
333,annau,37.8876,58.516,28.720000000000027,21,40,5.14,TM,2024-08-28
334,veraval,20.9,70.3667,27.53000000000003,86,100,12.49,IN,2024-08-28
335,yermentau,51.6214,73.1069,17.090000000000032,56,65,3.36,KZ,2024-08-28
336,harstad,68.799,16.5293,9.53000000000003,94,96,4.47,NO,2024-08-28
337,fort mcmurray,56.7268,-111.381,16.77000000000004,77,100,3.09,CA,2024-08-28
338,bandon,51.7469,-8.7425,14.770000000000039,99,73,3.32,IE,2024-08-28
339,launceston,-41.45,147.1667,10.800000000000011,62,75,10.29,AU,2024-08-28
340,timbuktu,16.7735,-3.0074,29.78000000000003,64,91,7.45,ML,2024-08-28
341,nanakuli,21.3906,-158.1547,26.970000000000027,62,0,2.57,US,2024-08-28
342,brookings,44.3114,-96.7984,17.0,97,0,0.0,US,2024-08-28
343,gaalkacyo,6.7697,47.4308,27.160000000000025,62,99,9.12,SO,2024-08-28
344,nadi,-17.8,177.4167,26.0,53,20,7.2,FJ,2024-08-28
345,chipinge,-20.1883,32.6236,18.410000000000025,38,0,1.64,ZW,2024-08-28
346,sal rei,16.1833,-22.9167,26.08000000000004,84,82,3.26,CV,2024-08-28
347,riosucio,5.4216,-75.7032,15.590000000000032,94,14,1.07,CO,2024-08-28
348,mudgee,-32.5943,149.5871,20.360000000000014,45,27,6.66,AU,2024-08-28
349,kingston,17.997,-76.7936,28.53000000000003,79,75,4.12,JM,2024-08-28
350,kapuskasing,49.4169,-82.4331,11.0,82,75,3.6,CA,2024-08-28
351,tindouf,27.6711,-8.1474,24.25,22,0,5.66,DZ,2024-08-28
352,saint-girons,42.9167,1.1667,16.480000000000018,75,3,2.31,FR,2024-08-28
353,al ghayzah,16.2079,52.176,28.400000000000034,72,100,3.54,YE,2024-08-28
354,richards bay,-28.783,32.0377,20.640000000000043,77,0,6.67,ZA,2024-08-28
355,nyala,12.05,24.8833,23.590000000000032,81,99,2.89,SD,2024-08-28
356,mariehamn,60.0973,19.9348,15.920000000000016,88,0,2.06,AX,2024-08-28
357,tanjungtiram,4.0613,98.3699,29.200000000000045,68,100,1.62,ID,2024-08-28
358,ampanihy,-24.7,44.75,22.760000000000048,43,0,4.81,MG,2024-08-28
359,chuguyevka,44.1653,133.8633,25.689999999999998,50,13,1.54,RU,2024-08-28
360,nankana sahib,31.4475,73.6972,27.960000000000036,76,100,3.19,PK,2024-08-28
361,inarajan village,13.2736,144.7484,32.54000000000002,83,96,6.12,GU,2024-08-28
362,south hedland,-20.4089,118.5983,37.960000000000036,7,42,4.12,AU,2024-08-28
363,egilsstadir,65.2653,-14.3948,6.9500000000000455,93,100,6.69,IS,2024-08-28
364,broome,42.2506,-75.833,22.480000000000018,94,84,0.89,US,2024-08-28
365,nantucket,41.2835,-70.0995,20.060000000000002,94,40,3.6,US,2024-08-28
366,pimenta bueno,-11.6725,-61.1936,22.600000000000023,42,3,1.86,BR,2024-08-28
367,inongo,-1.95,18.2667,20.629999999999995,63,0,1.8,CD,2024-08-28
368,wanxian,30.8039,108.3897,32.25,63,92,2.55,CN,2024-08-28
369,xining,36.6167,101.7667,25.08000000000004,52,55,1.91,CN,2024-08-28
370,salinopolis,-0.6136,-47.3561,26.25,86,31,4.9,BR,2024-08-28
371,karratha,-20.7377,116.8463,34.25,17,22,3.65,AU,2024-08-28
372,santa cruz,-17.8,-63.1667,20.700000000000045,32,18,4.12,BO,2024-08-28
373,ocean shores,46.9737,-124.1563,14.450000000000045,84,0,4.12,US,2024-08-28
374,pandan,14.0453,124.1694,31.379999999999995,66,98,4.48,PH,2024-08-28
375,axim,4.8699,-2.2405,23.390000000000043,94,99,3.02,GH,2024-08-28
376,fale old settlement,-9.3852,-171.2468,28.150000000000034,72,4,5.89,TK,2024-08-28
377,vadso,70.0744,29.7487,11.090000000000032,87,40,8.23,NO,2024-08-28
378,nampula,-15.1165,39.2666,20.970000000000027,88,75,3.09,MZ,2024-08-28
379,carloforte,39.145,8.3058,23.470000000000027,61,2,2.1,IT,2024-08-28
380,'ali sabieh,11.1558,42.7125,25.5,61,100,5.21,DJ,2024-08-28
381,czestochowa,50.7965,19.1241,18.32000000000005,73,9,3.71,PL,2024-08-28
382,kununurra,-15.7667,128.7333,37.99000000000001,15,96,8.23,AU,2024-08-28
383,antofagasta,-23.65,-70.4,13.600000000000023,84,59,4.21,CL,2024-08-28
384,igarape acu,-1.1289,-47.62,22.939999999999998,98,51,1.2,BR,2024-08-28
385,praia,14.9215,-23.5087,26.30000000000001,83,75,2.06,CV,2024-08-28
386,bontang,0.1333,117.5,28.0,79,100,2.09,ID,2024-08-28
387,hobyo,5.3505,48.5268,28.03000000000003,68,6,8.88,SO,2024-08-28
388,post,33.1909,-101.3782,25.54000000000002,52,70,3.87,US,2024-08-28
389,belomorsk,64.5232,34.7668,14.600000000000023,56,50,5.42,RU,2024-08-28
390,sinop,41.7711,34.8709,20.689999999999998,78,56,1.69,TR,2024-08-28
391,raja,8.4596,25.678,21.870000000000005,95,100,0.51,SS,2024-08-28
392,micheweni,-4.9667,39.8333,26.340000000000032,77,15,5.69,TZ,2024-08-28
393,yoko,5.5333,12.3167,18.470000000000027,94,98,0.75,CM,2024-08-28
394,yarmouth,41.7057,-70.2286,21.670000000000016,92,0,4.63,US,2024-08-28
395,vilyuysk,63.7553,121.6247,13.78000000000003,40,75,4.22,RU,2024-08-28
396,la oroya,-11.5189,-75.8994,2.410000000000025,70,71,0.9,PE,2024-08-28
397,ilhabela,-23.7781,-45.3581,13.330000000000041,85,0,1.4,BR,2024-08-28
398,kievka,50.2619,71.5514,18.32000000000005,49,100,5.17,KZ,2024-08-28
399,aricak,38.5639,40.1347,29.160000000000025,23,0,0.7,TR,2024-08-28
400,yung shue wan,22.2333,114.1167,36.0,60,84,3.72,HK,2024-08-28
401,rengasdengklok,-6.1592,107.2981,33.83000000000004,41,99,5.09,ID,2024-08-28
402,akobo,7.4344,3.9497,22.75,100,40,3.09,NG,2024-08-28
403,kochenevo,55.0218,82.202,15.660000000000025,69,45,3.75,RU,2024-08-28
404,tympaki,35.0729,24.7685,25.620000000000005,66,3,1.79,GR,2024-08-28
405,kimbe,-5.5502,150.1429,30.200000000000045,65,55,3.57,PG,2024-08-28
406,ghat,24.9647,10.1728,29.960000000000036,20,1,2.49,LY,2024-08-28
407,puerto colombia,10.9878,-74.9547,29.05000000000001,85,94,8.04,CO,2024-08-28
408,solnechnyy,50.7214,136.6319,24.010000000000048,60,19,4.15,RU,2024-08-28
409,valenca,-13.3703,-39.0731,18.410000000000025,98,33,1.66,BR,2024-08-28
410,pavlovsk,50.4578,40.1081,27.08000000000004,28,56,4.66,RU,2024-08-28
411,suwayr,30.1171,40.3893,33.04000000000002,21,1,3.72,SA,2024-08-28
412,tromso,69.6496,18.957,10.010000000000048,87,75,4.12,NO,2024-08-28
413,port hedland,-20.3167,118.5667,38.03000000000003,7,41,4.12,AU,2024-08-28
414,barpali,21.2,83.5833,30.110000000000014,72,99,3.04,IN,2024-08-28
415,kannad,20.2667,75.1333,26.860000000000014,68,81,6.64,IN,2024-08-28
416,vorkuta,67.5,64.0,15.830000000000041,75,73,5.57,RU,2024-08-28
417,nevel'sk,46.6733,141.8633,20.210000000000036,83,93,3.19,RU,2024-08-28
418,istaravshan,39.9142,69.0033,25.58000000000004,17,84,4.78,TJ,2024-08-28
419,al kharj,24.155,47.3346,36.32000000000005,13,4,7.78,SA,2024-08-28
420,bratsk,56.1325,101.6142,19.27000000000004,63,45,4.93,RU,2024-08-28
421,camiri,-20.05,-63.5167,11.340000000000032,56,10,0.84,BO,2024-08-28
422,manaure,11.7751,-72.4445,29.04000000000002,71,93,5.69,CO,2024-08-28
423,papao,-17.75,-149.55,24.82000000000005,79,77,6.24,PF,2024-08-28
424,alice springs,-23.7,133.8833,33.75,15,1,2.57,AU,2024-08-28
425,muli,2.9167,73.5667,28.370000000000005,72,30,1.62,MV,2024-08-28
426,thames,-37.1333,175.5333,12.740000000000009,89,38,2.5,NZ,2024-08-28
427,melipilla,-33.7,-71.2167,5.970000000000027,92,99,0.54,CL,2024-08-28
428,pacific grove,36.6177,-121.9166,16.060000000000002,93,0,0.45,US,2024-08-28
429,kapa'a,22.0752,-159.319,26.180000000000007,76,20,6.17,US,2024-08-28
430,taroa,8.7058,171.2275,28.689999999999998,77,76,5.29,MH,2024-08-28
431,bambanglipuro,-7.95,110.2833,27.510000000000048,63,81,6.69,ID,2024-08-28
432,bu'aale,1.0833,42.5833,28.160000000000025,66,46,4.22,SO,2024-08-28
433,along,28.1667,94.7667,32.73000000000002,50,96,1.06,IN,2024-08-28
434,boende,-0.2167,20.8667,25.379999999999995,66,27,1.29,CD,2024-08-28
435,ust-nera,64.5667,143.2,6.350000000000023,72,100,1.51,RU,2024-08-28
436,lagoa,39.05,-27.9833,22.210000000000036,68,82,2.48,PT,2024-08-28
437,badger,64.8,-147.5333,14.950000000000045,76,75,1.54,US,2024-08-28
438,arno,60.1167,18.6333,16.52000000000004,70,80,4.83,SE,2024-08-28
439,enriquillo,17.9,-71.2333,25.480000000000018,87,87,4.23,DO,2024-08-28
440,uray,60.1247,64.7758,21.439999999999998,64,89,3.67,RU,2024-08-28
441,tambura,5.6,27.4667,22.460000000000036,93,88,0.89,SS,2024-08-28
442,duong dong,10.2167,103.9667,26.0,83,75,4.12,VN,2024-08-28
443,sungai raya,0.7,108.9,25.890000000000043,90,99,5.17,ID,2024-08-28
444,constantia,44.1833,28.65,21.5,81,100,5.64,RO,2024-08-28
445,rio verde de mato grosso,-18.9181,-54.8442,23.010000000000048,26,2,5.49,BR,2024-08-28
446,mabai,23.0128,104.4508,24.74000000000001,73,68,1.54,CN,2024-08-28
447,cody,44.5263,-109.0565,20.120000000000005,37,0,3.6,US,2024-08-28
448,swakopmund,-22.6833,14.5333,10.550000000000011,90,0,5.01,NA,2024-08-28
449,acarau,-2.8856,-40.12,24.83000000000004,74,100,6.55,BR,2024-08-28
450,taltal,-25.4,-70.4833,13.100000000000023,79,11,0.87,CL,2024-08-28
451,greater sudbury,46.49,-80.99,15.590000000000032,78,100,4.47,CA,2024-08-28
452,kisanga,-7.4362,37.7034,26.200000000000045,71,25,2.4,TZ,2024-08-28
453,borogontsy,62.6683,131.1683,14.450000000000045,51,100,3.59,RU,2024-08-28
454,quesnel,52.9999,-122.5029,11.28000000000003,93,75,2.06,CA,2024-08-28
455,necochea,-38.5473,-58.7368,5.270000000000039,83,14,1.95,AR,2024-08-28
456,pudasjarvi,65.3833,26.9167,12.660000000000025,71,100,3.57,FI,2024-08-28
457,mount pearl,47.5166,-52.7813,17.860000000000014,92,20,10.8,CA,2024-08-28
458,taber,49.8167,-112.1518,16.0,48,100,2.06,CA,2024-08-28
459,yarkovo,57.4028,67.0786,21.710000000000036,59,16,3.02,RU,2024-08-28
460,quellon,-43.1167,-73.6167,4.680000000000007,88,43,3.31,CL,2024-08-28
461,port moresby,-9.4431,147.1797,28.680000000000007,70,40,7.72,PG,2024-08-28
462,badiyah,22.45,58.8,36.73000000000002,27,62,2.58,OM,2024-08-28
463,justo daract,-33.8594,-65.1828,12.25,41,95,4.89,AR,2024-08-28
464,patterson,37.4716,-121.1297,26.08000000000004,59,0,1.77,US,2024-08-28
465,tarinkot,32.6268,65.8733,32.69,10,0,0.77,AF,2024-08-28
466,pathein,16.7833,94.7333,30.400000000000034,72,62,4.4,MM,2024-08-28
467,slivnitsa,42.85,23.0333,22.160000000000025,50,45,1.48,BG,2024-08-28
468,noosa heads,-26.3833,153.15,24.340000000000032,67,0,8.22,AU,2024-08-28
469,raduzhny,62.0961,77.475,20.27000000000004,61,98,3.47,RU,2024-08-28
470,westport,41.1415,-73.3579,23.28000000000003,84,29,1.79,US,2024-08-28
471,ar raqqah,35.95,39.0167,28.700000000000045,56,0,7.55,SY,2024-08-28
472,kawardha,22.0167,81.25,31.379999999999995,57,100,3.12,IN,2024-08-28
473,pariaman,-0.619,100.12,29.03000000000003,56,100,1.67,ID,2024-08-28
474,codrington,-38.2667,141.9667,11.640000000000043,60,66,12.39,AU,2024-08-28
475,mandal,25.45,74.5667,26.460000000000036,78,73,7.63,IN,2024-08-28
476,khovd,48.0056,91.6419,26.0,17,43,4.72,MN,2024-08-28
477,namibe,-15.1961,12.1522,17.680000000000007,87,54,2.2,AO,2024-08-28
478,newnham,-41.3833,147.1333,10.53000000000003,62,75,10.29,AU,2024-08-28
479,guerrero negro,27.9769,-114.0611,20.879999999999995,80,6,5.89,MX,2024-08-28
480,at taj,24.2049,23.2857,30.79000000000002,41,15,6.08,LY,2024-08-28
481,moletai,55.2333,25.4167,16.29000000000002,62,10,3.23,LT,2024-08-28
482,xinyu,27.8043,114.9334,29.360000000000014,72,77,4.04,CN,2024-08-28
483,daru,-9.0763,143.2092,26.25,71,42,5.53,PG,2024-08-28
484,impfondo,1.6381,18.0667,24.620000000000005,67,53,1.3,CG,2024-08-28
485,el viejo,12.6633,-87.1672,24.850000000000023,92,100,1.71,NI,2024-08-28
486,oleshky,46.6249,32.7251,23.140000000000043,61,100,5.35,UA,2024-08-28
487,anna regina,7.2644,-58.5077,25.560000000000002,87,48,0.93,GY,2024-08-28
488,yenotayevka,47.2456,47.0281,26.140000000000043,32,0,6.08,RU,2024-08-28
489,tucupita,9.0622,-62.051,23.200000000000045,98,62,1.0,VE,2024-08-28
490,am timan,11.0297,20.2827,24.100000000000023,89,88,2.51,TD,2024-08-28
491,waddan,29.1614,16.139,27.350000000000023,47,2,5.67,LY,2024-08-28
492,sirte,31.2089,16.5887,26.450000000000045,70,0,2.62,LY,2024-08-28
493,rongelap,11.1635,166.8941,28.82000000000005,79,100,5.92,MH,2024-08-28
494,margherita,27.2833,95.6833,33.58000000000004,61,16,1.46,IN,2024-08-28
495,pratt,37.6439,-98.7376,25.120000000000005,61,0,2.06,US,2024-08-28
496,turpan,42.9333,89.1667,39.400000000000034,17,32,2.1,CN,2024-08-28
497,sao felix do xingu,-6.6447,-51.995,25.75,37,26,0.44,BR,2024-08-28
498,shuangyang,43.5242,125.6736,25.640000000000043,63,63,1.65,CN,2024-08-28
499,revda,56.801,59.9303,20.689999999999998,62,8,4.38,RU,2024-08-28
500,angus,44.3168,-79.8829,23.24000000000001,92,86,3.09,CA,2024-08-28
501,akureyri,65.6835,-18.0878,6.960000000000036,81,75,1.03,IS,2024-08-28
502,betong,5.7743,101.0723,23.53000000000003,93,100,0.52,TH,2024-08-28
503,arkhangel'sk,64.5401,40.5433,15.060000000000002,72,40,7.0,RU,2024-08-28
504,severo-yeniseyskiy,60.3725,93.0408,15.78000000000003,49,55,2.8,RU,2024-08-28
505,adamovka,51.5223,59.9396,20.75,52,0,3.33,RU,2024-08-28
506,batang berjuntai,3.3833,101.4167,33.02000000000004,63,100,1.15,MY,2024-08-28
507,tsiombe,-25.3,45.4833,26.390000000000043,38,0,4.43,MG,2024-08-28
508,oranjemund,-28.55,16.4333,12.090000000000032,73,98,6.85,NA,2024-08-28
509,amassoma,4.9692,6.1097,23.610000000000014,95,94,1.48,NG,2024-08-28
510,everett,47.979,-122.2021,12.410000000000025,87,1,1.29,US,2024-08-28
511,alva,56.1528,-3.8051,12.120000000000005,98,97,2.53,GB,2024-08-28
512,tisaiyanvilai,8.3333,77.8833,31.760000000000048,51,100,3.41,IN,2024-08-28
513,ghanzi,-21.5667,21.7833,15.490000000000009,14,0,4.76,BW,2024-08-28
514,reggane,26.7158,0.1714,35.450000000000045,17,1,3.35,DZ,2024-08-28
515,padang,-0.9492,100.3543,29.03000000000003,68,94,3.2,ID,2024-08-28
516,mandapam,9.2833,79.1167,28.180000000000007,72,100,4.67,IN,2024-08-28
517,faya-largeau,17.9257,19.1043,28.49000000000001,63,74,5.14,TD,2024-08-28
518,firuzabad,28.8438,52.5707,33.54000000000002,11,0,2.63,IR,2024-08-28
519,medina,24.4686,39.6142,32.24000000000001,43,0,2.57,SA,2024-08-28
520,copiapo,-27.3667,-70.3333,11.240000000000009,79,5,0.81,CL,2024-08-28
521,wynyard,-41.0,145.7167,7.180000000000007,85,100,10.01,AU,2024-08-28
522,bridgewater,44.3835,-64.5155,16.170000000000016,94,61,3.6,CA,2024-08-28
523,bardai,11.65,7.2333,21.010000000000048,96,90,4.93,NG,2024-08-28
524,buka,40.8108,69.1986,29.150000000000034,20,90,4.48,UZ,2024-08-28
525,tequisquiapan,20.5167,-99.8667,15.450000000000045,95,63,1.78,MX,2024-08-28
526,utrik,11.2278,169.8474,28.83000000000004,77,17,4.95,MH,2024-08-28
527,banff,51.1762,-115.5698,6.210000000000036,87,94,2.06,CA,2024-08-28
528,beyneu,45.3167,55.2,26.260000000000048,25,0,5.91,KZ,2024-08-28
529,hanceville,34.0607,-86.7675,21.760000000000048,49,0,1.28,US,2024-08-28
530,wladyslawowo,54.7909,18.4009,18.30000000000001,69,34,4.09,PL,2024-08-28
531,muisne,0.6,-80.0333,23.430000000000007,90,100,3.99,EC,2024-08-28
532,miquelon,47.0975,-56.3814,18.450000000000045,90,11,7.07,PM,2024-08-28
533,letlhakeng,-24.0944,25.0298,16.27000000000004,16,0,4.79,BW,2024-08-28
534,chongwe,-15.3292,28.682,23.060000000000002,21,0,1.08,ZM,2024-08-28
535,sechura,-5.5569,-80.8222,17.189999999999998,85,17,4.07,PE,2024-08-28
536,hadibu,12.65,54.0333,28.150000000000034,73,94,11.87,YE,2024-08-28
537,fada,7.25,4.0667,23.370000000000005,100,40,3.09,NG,2024-08-28
538,afgooye,2.1381,45.1212,25.450000000000045,69,98,5.37,SO,2024-08-28
539,zhangye,38.9342,100.4517,31.930000000000007,26,14,3.73,CN,2024-08-28
540,morondava,-20.2833,44.2833,24.370000000000005,61,0,2.25,MG,2024-08-28
541,kuraymah,18.55,31.85,30.25,60,12,3.05,SD,2024-08-28
542,kudymkar,59.0173,54.656,19.170000000000016,85,92,2.1,RU,2024-08-28
543,nalut,30.3333,10.85,26.879999999999995,39,0,3.41,LY,2024-08-28
544,naze,28.3667,129.4833,25.510000000000048,90,100,13.19,JP,2024-08-28
545,mount pleasant,32.7941,-79.8626,25.560000000000002,96,0,0.0,US,2024-08-28
546,maardu,59.4767,25.025,15.340000000000032,98,75,2.24,EE,2024-08-28
547,markova,48.6758,24.4138,20.55000000000001,60,46,1.99,UA,2024-08-28
548,narasannapeta,18.4167,84.05,29.390000000000043,71,100,1.62,IN,2024-08-28
549,winnemucca,40.973,-117.7357,20.310000000000002,19,1,2.78,US,2024-08-28
550,merritt,50.1123,-120.7942,11.29000000000002,66,89,1.8,CA,2024-08-28
551,ingeniero jacobacci,-41.3427,-69.5448,2.8000000000000114,63,100,0.94,AR,2024-08-28
552,castanhal,-1.2939,-47.9264,22.590000000000032,99,55,1.17,BR,2024-08-28
553,urucara,-2.5364,-57.76,24.02000000000004,62,66,1.86,BR,2024-08-28
554,novodvinsk,64.4165,40.8122,14.860000000000014,50,24,4.94,RU,2024-08-28
555,weno,7.4515,151.8468,29.970000000000027,84,100,2.06,FM,2024-08-28
556,chui,-33.6971,-53.4616,7.4500000000000455,92,5,0.71,UY,2024-08-28
557,ciudad sabinas hidalgo,26.5,-100.1667,25.610000000000014,77,63,0.45,MX,2024-08-28
558,san pedro pochutla,15.7333,-96.4667,23.170000000000016,88,57,1.69,MX,2024-08-28
559,yur'yevets,57.3201,43.1041,19.53000000000003,83,83,3.06,RU,2024-08-28
560,vila velha,-20.3297,-40.2925,18.860000000000014,80,75,2.06,BR,2024-08-28
561,sisimiut,66.9395,-53.6735,6.78000000000003,87,100,1.73,GL,2024-08-28
562,yatou,37.15,122.3833,27.930000000000007,76,10,4.16,CN,2024-08-28
563,taos,36.4072,-105.5731,15.810000000000002,69,0,2.06,US,2024-08-28
564,sittwe,20.15,92.9,28.439999999999998,77,86,4.87,MM,2024-08-28
565,ponta delgada,37.7333,-25.6667,21.400000000000034,73,20,2.06,PT,2024-08-28
566,valparaiso,-33.0393,-71.6273,8.800000000000011,93,75,0.0,CL,2024-08-28
567,timimoun,29.2639,0.231,31.210000000000036,23,3,4.12,DZ,2024-08-28
568,tokoroa,-38.2333,175.8667,9.800000000000011,91,64,2.53,NZ,2024-08-28
569,luis correia,-2.8792,-41.6669,24.78000000000003,76,100,5.42,BR,2024-08-28
570,iranshahr,27.2025,60.6848,35.19,16,0,2.06,IR,2024-08-28
571,kavalerovo,44.2661,135.0572,26.82000000000005,45,0,1.8,RU,2024-08-28
572,zaozersk,69.4005,32.4476,12.260000000000048,70,40,12.29,RU,2024-08-28
573,crane,31.3974,-102.3501,24.29000000000002,63,37,5.76,US,2024-08-28
574,new holland,40.1018,-76.0852,23.840000000000032,80,75,0.45,US,2024-08-28
575,nemuro,43.3236,145.575,17.05000000000001,99,100,3.89,JP,2024-08-28
576,kuqa,41.7278,82.9364,30.220000000000027,25,96,1.19,CN,2024-08-28
577,ambar,37.8532,40.5278,29.77000000000004,24,0,2.03,TR,2024-08-28
578,wakkanai,45.4094,141.6739,22.99000000000001,88,75,3.6,JP,2024-08-28
579,juneau,58.3019,-134.4197,11.900000000000034,95,100,8.23,US,2024-08-28
580,darwin,-12.4611,130.8418,33.860000000000014,33,0,3.6,AU,2024-08-28
581,lejanias,3.5251,-74.0216,18.930000000000007,88,48,2.82,CO,2024-08-28
582,luancheng,37.8792,114.6517,29.30000000000001,45,7,1.24,CN,2024-08-28
583,dryden,49.7833,-92.7503,13.160000000000025,82,75,2.06,CA,2024-08-28
584,humaita,-7.5061,-63.0208,22.720000000000027,52,0,1.34,BR,2024-08-28
585,rokiskis,55.9667,25.5833,15.710000000000036,67,73,2.66,LT,2024-08-28
586,preobrazheniye,42.9019,133.9064,23.480000000000018,67,0,2.16,RU,2024-08-28
587,oamaru,-45.0784,170.9801,12.430000000000007,81,99,5.96,NZ,2024-08-28
588,sterling,39.0062,-77.4286,25.860000000000014,74,35,1.79,US,2024-08-28
589,zarand,30.8127,56.564,31.28000000000003,12,0,1.43,IR,2024-08-28
590,kharp,66.8014,65.8081,19.629999999999995,54,57,3.63,RU,2024-08-28
591,nuuk,64.1835,-51.7216,6.340000000000032,87,100,6.17,GL,2024-08-28
592,kone,-21.0595,164.8658,24.210000000000036,51,24,3.01,NC,2024-08-28
593,antsiranana,-12.2787,49.2917,25.420000000000016,53,20,8.23,MG,2024-08-28
594,maracacume,-2.0428,-45.9592,22.03000000000003,99,31,1.31,BR,2024-08-28
595,kirakira,-10.4544,161.9205,27.03000000000003,75,92,6.12,SB,2024-08-28
596,manado,1.487,124.8455,27.430000000000007,94,75,1.03,ID,2024-08-28
597,cuatro cienegas de carranza,26.9833,-102.0833,25.810000000000002,58,0,1.93,MX,2024-08-28
598,paoua,7.2427,16.4406,21.75,94,100,1.1,CF,2024-08-28
599,pailon,-17.65,-62.75,17.03000000000003,46,30,2.28,BO,2024-08-28
600,ubata,-14.2139,-39.5228,16.850000000000023,99,33,0.82,BR,2024-08-28
601,kabalo,-6.05,26.9167,29.220000000000027,33,47,1.71,CD,2024-08-28
602,chernolesskoye,44.7156,43.7133,26.610000000000014,45,35,7.07,RU,2024-08-28
603,tual,-5.6667,132.75,25.620000000000005,84,57,7.63,ID,2024-08-28
604,guarapari,-20.6667,-40.4975,15.960000000000036,82,18,2.85,BR,2024-08-28
605,kemin,42.7846,75.6892,29.450000000000045,22,51,3.05,KG,2024-08-28
606,tobelo,1.7284,128.0095,28.54000000000002,75,55,0.58,ID,2024-08-28
607,kingscliff,-28.2667,153.5667,23.890000000000043,78,0,7.2,AU,2024-08-28
608,kudahuvadhoo,2.6708,72.8944,28.53000000000003,72,28,1.56,MV,2024-08-28
